{"train_loss": [0.6820681186123588, 0.5606847721924879, 0.5076118702464226, 0.43304120888198894, 0.43568783833721136], "train_acc": [0.58203125, 0.66796875, 0.72265625, 0.802734375, 0.78515625], "val_loss": [0.5624911071453709, 0.5683402039943514, 0.4727809450598123, 0.4452771158342984, 0.43733131139325787], "val_acc": [0.6551339285714286, 0.6484375, 0.7310267857142857, 0.7645089285714286, 0.7622767857142857], "classes": ["circle", "square"], "config": {"data_dir": "data/shapes", "img_size": 28, "grayscale": 1, "val_split": 0.2, "hidden": "128,64", "epochs": 5, "batch_size": 64, "lr": 0.05, "l2": 0.0, "seed": 42, "save_dir": "runs/shapes-mlp"}}