{"train_loss": [0.8170563515260243, 0.5374350941537965, 0.4957071258817539, 0.44841871080435913, 0.39800774828059926, 0.3526651312885366, 0.38758756335865174, 0.33787598838648464, 0.29392608250536145, 0.27848493499927107, 0.3089943292994551, 0.2553662183347392, 0.3034605199709765, 0.5656071396253524, 0.24064933102413738, 0.21318683078694955, 0.19611809851511952, 0.18348344427392652, 0.17168283003939622, 0.160939813637628], "train_acc": [0.58984375, 0.716796875, 0.744140625, 0.7890625, 0.830078125, 0.873046875, 0.810546875, 0.841796875, 0.880859375, 0.88671875, 0.841796875, 0.90625, 0.89453125, 0.814453125, 0.931640625, 0.94921875, 0.953125, 0.95703125, 0.95703125, 0.9609375], "val_loss": [0.567339900669481, 0.517564440632456, 0.47877873997898124, 0.45225825406605613, 0.43721121130762386, 0.45237440451896743, 0.5155290906513178, 0.45239823367154264, 0.4358036862218919, 0.45725453235776975, 0.48972222052925407, 0.39175976720060757, 0.9814394871683916, 0.41742215033343577, 0.4201968245198481, 0.4154779586412374, 0.4155693295909286, 0.4168011128712624, 0.4157301374152263, 0.4157256739609997], "val_acc": [0.6529017857142857, 0.6830357142857143, 0.7287946428571428, 0.7421875, 0.75, 0.7220982142857143, 0.6752232142857143, 0.7120535714285714, 0.7287946428571428, 0.703125, 0.6852678571428572, 0.7622767857142857, 0.5926339285714286, 0.7287946428571428, 0.7455357142857143, 0.7455357142857143, 0.7455357142857143, 0.7366071428571428, 0.7444196428571428, 0.7444196428571428], "classes": ["circle", "square"], "config": {"data_dir": "data/shapes", "img_size": 28, "grayscale": 1, "val_split": 0.2, "hidden": "256,128", "epochs": 20, "batch_size": 64, "lr": 0.05, "l2": 0.0, "seed": 42, "save_dir": "runs/shapes-mlp-256x128-20e"}}