{"train_loss": [0.852988148755762, 0.6509757737123473, 0.5457060033708494, 0.5010877221427233, 0.43689472486502723, 0.40482872509733986, 0.3836137441483801, 0.35087925640660733, 0.32301862552303007, 0.30111670398464746, 0.28175279103067985, 0.26194794605523125, 0.24260447289155698, 0.22644508014085582, 0.21028553077094486, 0.19578544558004857, 0.1813229183265314, 0.16881095779098904, 0.1564003590295468, 0.1441542094850365, 0.13395043269316512, 0.12397385232690676, 0.11528750405177424, 0.10726945146721026, 0.09968939812063976, 0.09302722175976816, 0.0867469208878448, 0.0809495124196146, 0.07565992440640383, 0.07017082046849418, 0.06673498158961708, 0.06406040672263007, 0.061544195249584356, 0.059183402289499684, 0.056937672410600326, 0.05478115715558589, 0.05278307039078324, 0.05083824281200601, 0.049025822418699815, 0.04725647020493688, 0.045589797134521125, 0.04402599338841327, 0.04249906943006687, 0.04105629027263274, 0.03937888073689415, 0.03847735552378494, 0.03768651329455584, 0.03692823312425488, 0.03621286610425914, 0.035503751777744404, 0.03482078442528501, 0.03415982293289256, 0.0335200641005133, 0.032889889008706416, 0.0322867949943248, 0.03169131044240908, 0.03111690636292036, 0.030563048900738687, 0.030011213016111586, 0.029485410518899392], "train_acc": [0.5734895833333333, 0.71046875, 0.7659895833333333, 0.7896354166666667, 0.8334374999999999, 0.8451041666666667, 0.86234375, 0.8827083333333332, 0.9030208333333333, 0.9123958333333333, 0.9131770833333333, 0.9295833333333332, 0.9382291666666667, 0.9476041666666667, 0.9522916666666668, 0.9577604166666667, 0.9625, 0.96953125, 0.97421875, 0.97578125, 0.9796875, 0.98203125, 0.9875, 0.98984375, 0.9921875, 0.99375, 0.99375, 0.9953125, 0.99609375, 0.996875, 0.99921875, 0.99921875, 0.99921875, 0.99921875, 0.99921875, 0.99921875, 0.99921875, 0.99921875, 0.99921875, 1.0, 1.0, 1.0, 1.0, 1.0, 1.0, 1.0, 1.0, 1.0, 1.0, 1.0, 1.0, 1.0, 1.0, 1.0, 1.0, 1.0, 1.0, 1.0, 1.0, 1.0], "val_loss": [0.7027243588979596, 0.609051888858471, 0.5687239477645407, 0.5145179488425193, 0.48962637936073655, 0.45391009006554145, 0.42874342476284905, 0.4396641621118132, 0.42665654604671005, 0.3991056748457689, 0.3828364248386977, 0.3700435490200193, 0.35456196738385765, 0.3453899811611172, 0.3358779947140378, 0.3274840666704115, 0.31899069736720326, 0.3129606577146981, 0.3072957070125657, 0.3024200139112853, 0.2994662347433188, 0.29598636938074396, 0.2927656377363972, 0.29126538910719013, 0.28927715782574737, 0.28810675634031385, 0.28677178309298396, 0.2866743970490708, 0.28641709104032653, 0.28031210912507315, 0.28023899518662515, 0.2801847513902347, 0.2801763704755181, 0.2802961191266026, 0.2806276345805553, 0.28069031806632366, 0.28091167889740126, 0.28111940508687394, 0.2813359038580579, 0.28184841007314093, 0.2822357881110585, 0.2826432588837793, 0.2829849343259437, 0.2834474820947541, 0.2805591351659313, 0.2805624515595741, 0.28062794974682914, 0.2807882896967762, 0.28112662053667997, 0.2812367649258248, 0.28149742097585584, 0.2817500229731185, 0.28212113367084035, 0.2822918808311429, 0.28272786093078, 0.28288511664753896, 0.2833474611242826, 0.2835815569082088, 0.2839326785562693, 0.2841727944007074], "val_acc": [0.671875, 0.703125, 0.7109375, 0.7421875, 0.8307291666666666, 0.84375, 0.8463541666666666, 0.8307291666666666, 0.8307291666666666, 0.8359375, 0.8385416666666666, 0.84375, 0.8463541666666666, 0.8515625, 0.8567708333333334, 0.859375, 0.8645833333333334, 0.8645833333333334, 0.8645833333333334, 0.8671875, 0.8671875, 0.8697916666666666, 0.875, 0.8776041666666666, 0.8828125, 0.8854166666666666, 0.8854166666666666, 0.8880208333333334, 0.8932291666666666, 0.9036458333333334, 0.9010416666666666, 0.9036458333333334, 0.9036458333333334, 0.9036458333333334, 0.9036458333333334, 0.9036458333333334, 0.9036458333333334, 0.90625, 0.90625, 0.90625, 0.90625, 0.90625, 0.90625, 0.90625, 0.9088541666666666, 0.9088541666666666, 0.9088541666666666, 0.9088541666666666, 0.9088541666666666, 0.9088541666666666, 0.9088541666666666, 0.9088541666666666, 0.9088541666666666, 0.9088541666666666, 0.9088541666666666, 0.9088541666666666, 0.9088541666666666, 0.9088541666666666, 0.9088541666666666, 0.9088541666666666], "lr": [0.05, 0.05, 0.05, 0.05, 0.05, 0.05, 0.05, 0.05, 0.05, 0.05, 0.05, 0.05, 0.05, 0.05, 0.05, 0.05, 0.05, 0.05, 0.05, 0.05, 0.05, 0.05, 0.05, 0.05, 0.05, 0.05, 0.05, 0.05, 0.05, 0.03, 0.03, 0.03, 0.03, 0.03, 0.03, 0.03, 0.03, 0.03, 0.03, 0.03, 0.03, 0.03, 0.03, 0.03, 0.018, 0.018, 0.018, 0.018, 0.018, 0.018, 0.018, 0.018, 0.018, 0.018, 0.018, 0.018, 0.018, 0.018, 0.018, 0.018], "classes": ["circle", "square", "triangle"], "config": {"data_dir": "data/shapes", "img_size": 28, "grayscale": 1, "val_split": 0.2, "hidden": "256,128", "epochs": 60, "batch_size": 64, "lr": 0.05, "l2": 0.0001, "lr_decay": 0.6, "lr_decay_epochs": "30,45", "seed": 42, "save_dir": "runs/shapes-3cls-60e-decay"}}