{"train_loss": [0.727899883682562, 0.5426424546255859, 0.4866236054501255, 0.44229418652028696, 0.40508539144522204, 0.3767461379943685, 0.3540963604691787, 0.3366089740995583, 0.3221540444035187, 0.30790706121207023, 0.29415653115618695, 0.28062268250587014, 0.2690109418999359, 0.2581550435119243, 0.24782609904182049, 0.2376010106964232, 0.22767098525287116, 0.21880332606373845, 0.21054025677996557, 0.20251496454199203], "train_acc": [0.580078125, 0.685546875, 0.74609375, 0.791015625, 0.826171875, 0.849609375, 0.857421875, 0.865234375, 0.8671875, 0.880859375, 0.8984375, 0.90625, 0.9140625, 0.91796875, 0.92578125, 0.94140625, 0.947265625, 0.951171875, 0.953125, 0.95703125], "val_loss": [0.5622807451677132, 0.5094935180880411, 0.4748400960575109, 0.4599777053246429, 0.4583990378996076, 0.4625738306120996, 0.46594557832617894, 0.4693271099082868, 0.46914761374167874, 0.4652477273473336, 0.45421086754209894, 0.4521546533314415, 0.4499817124520531, 0.4497195463924024, 0.44774049883651734, 0.4426415303006794, 0.43839995234165136, 0.4413206389572909, 0.4389559101987124, 0.43348139170977695], "val_acc": [0.6584821428571428, 0.7243303571428572, 0.7354910714285714, 0.7410714285714286, 0.7154017857142857, 0.7299107142857143, 0.7209821428571428, 0.7109375, 0.7109375, 0.7198660714285714, 0.7276785714285714, 0.7354910714285714, 0.7354910714285714, 0.7354910714285714, 0.7354910714285714, 0.7354910714285714, 0.7433035714285714, 0.7433035714285714, 0.7354910714285714, 0.7444196428571428], "classes": ["circle", "square"], "config": {"data_dir": "data/shapes", "img_size": 28, "grayscale": 1, "val_split": 0.2, "hidden": "256,128", "epochs": 20, "batch_size": 64, "lr": 0.03, "l2": 0.0001, "seed": 42, "save_dir": "runs/shapes-mlp-256x128-20e-lr0.03-l2"}}