{"train_loss": [0.6820681186123588, 0.5606847721924879, 0.5076118702464226, 0.43304120888198894, 0.43568783833721136, 0.40708391234447266, 0.3596038474523737, 0.3469778146662773, 0.3141923399777654, 0.2964496017169849, 0.2820627291833011, 0.2591372773133285, 0.2504842840905186, 0.2424100124887166, 0.22163799715557633, 0.2139577812956593, 0.3403171603704127, 0.619509521538161, 0.244355837868779, 0.2038001831987831], "train_acc": [0.58203125, 0.66796875, 0.72265625, 0.802734375, 0.78515625, 0.798828125, 0.849609375, 0.859375, 0.87890625, 0.892578125, 0.89453125, 0.923828125, 0.919921875, 0.923828125, 0.94921875, 0.9453125, 0.86328125, 0.798828125, 0.947265625, 0.95703125], "val_loss": [0.5624911071453709, 0.5683402039943514, 0.4727809450598123, 0.4452771158342984, 0.43733131139325787, 0.44889938607883484, 0.4871060474981096, 0.47391044479450856, 0.46071049515373264, 0.4628439405135319, 0.4518414610050831, 0.440559454265524, 0.4489355432713595, 0.4458201909191147, 0.4207497902861773, 0.38889493933817054, 1.7648611939013363, 0.46393923167661055, 0.43668372754134066, 0.4253855709059181], "val_acc": [0.6551339285714286, 0.6484375, 0.7310267857142857, 0.7645089285714286, 0.7622767857142857, 0.7366071428571428, 0.7109375, 0.7109375, 0.7109375, 0.71875, 0.7287946428571428, 0.7444196428571428, 0.7366071428571428, 0.7354910714285714, 0.7611607142857143, 0.7712053571428572, 0.59375, 0.7366071428571428, 0.7611607142857143, 0.7611607142857143], "classes": ["circle", "square"], "config": {"data_dir": "data/shapes", "img_size": 28, "grayscale": 1, "val_split": 0.2, "hidden": "128,64", "epochs": 20, "batch_size": 64, "lr": 0.05, "l2": 0.0, "seed": 42, "save_dir": "runs/shapes-mlp-20e"}}