{"train_loss": [0.9361514165554228, 0.7292094468437432, 0.6344976802915191, 0.5721874348074777, 0.5234161338656901, 0.4788255714638443, 0.437024961140468, 0.41211530553525], "train_acc": [0.5390625, 0.6614583333333334, 0.7174479166666666, 0.7578125, 0.7838541666666666, 0.82421875, 0.8567708333333334, 0.8671875], "val_loss": [0.966446779672015, 0.7976133998334562, 0.734219087656836, 0.6835699777109078, 0.6434469870071834, 0.6191590896633906, 0.5838294958202791, 0.5597810250422416], "val_acc": [0.5136217948717948, 0.5705128205128206, 0.6274038461538461, 0.6754807692307692, 0.6742788461538461, 0.6899038461538461, 0.7131410256410255, 0.7235576923076922], "classes": ["circle", "square", "triangle"], "config": {"data_dir": "data/shapes3", "img_size": 28, "grayscale": 1, "val_split": 0.2, "hidden": "128,64", "epochs": 8, "batch_size": 64, "lr": 0.05, "l2": 0.0, "seed": 42, "save_dir": "runs/shapes3-mlp"}}