{"train_loss": [0.8869381249242838, 0.7062246365469536, 0.5903014374834984, 0.543979022299622, 0.47750802182840724, 0.4525968475394553, 0.40426223635747105, 0.382266227327343, 0.3500981284356953, 0.32412651753029653, 0.3034611726445523, 0.28052241850882675, 0.2615239967210446, 0.24461839525427975, 0.22784693518766902, 0.21107559142746726, 0.19637166778707013, 0.18398769560280476, 0.17095663270462855, 0.15918491408691804, 0.14783966445031382, 0.13749588127975204, 0.12619703612829739, 0.11616331921869383, 0.10704212250962523], "train_acc": [0.5603125, 0.6660416666666666, 0.74796875, 0.7631770833333333, 0.8077083333333333, 0.8303645833333333, 0.8561458333333333, 0.8678645833333333, 0.8851041666666667, 0.9022916666666667, 0.9069791666666667, 0.9257291666666667, 0.9319791666666667, 0.9358854166666667, 0.9429166666666667, 0.9507291666666667, 0.95390625, 0.95703125, 0.965625, 0.971875, 0.97578125, 0.97734375, 0.984375, 0.9859375, 0.9890625], "val_loss": [0.8513457816616393, 0.7261046412504757, 0.6598735641795114, 0.604368065619045, 0.5572432776937134, 0.5222749459803846, 0.49361284554252655, 0.4647506760327484, 0.4494030134016356, 0.4302319142914606, 0.41080397791954754, 0.40527923166307683, 0.38896545465513427, 0.3754353066421939, 0.3701598889840165, 0.3616854497698701, 0.34979353673055175, 0.3422799154474283, 0.33514158372903263, 0.3290673285314613, 0.32466838433428485, 0.32197045146148556, 0.3202061835031916, 0.31759513839636, 0.31583608329218965], "val_acc": [0.6354166666666666, 0.6927083333333334, 0.7213541666666666, 0.7265625, 0.7447916666666666, 0.7447916666666666, 0.7473958333333334, 0.7552083333333334, 0.8359375, 0.8385416666666666, 0.84375, 0.8385416666666666, 0.8463541666666666, 0.8489583333333334, 0.859375, 0.8619791666666666, 0.8619791666666666, 0.8645833333333334, 0.875, 0.8802083333333334, 0.8776041666666666, 0.8828125, 0.8776041666666666, 0.8802083333333334, 0.8854166666666666], "classes": ["circle", "square", "triangle"], "config": {"data_dir": "data/shapes", "img_size": 28, "grayscale": 1, "val_split": 0.2, "hidden": "128,64", "epochs": 25, "batch_size": 64, "lr": 0.05, "l2": 0.0, "seed": 42, "save_dir": "runs/shapes-3cls-25e"}}